{"cameraMode":{"drawMode":0,"name":"Shaded","section":"Shading Mode"},"sceneLighting":true,"audioPlay":false,"sceneViewState":{"m_AlwaysRefresh":false,"showFog":true,"showSkybox":true,"showFlares":true,"showImageEffects":true,"showParticleSystems":true,"showVisualEffectGraphs":true,"m_FxEnabled":true},"in2DMode":false,"pivot":{"x":2.524649143218994,"y":-0.2732675075531006,"z":-0.6985795497894287},"rotation":{"x":0.3927308917045593,"y":0.0292480681091547,"z":-0.012496355921030045,"w":0.9191174507141113},"size":1.8841747045516968,"orthographic":false}