{"cameraMode":{"drawMode":0,"name":"Shaded","section":"Shading Mode"},"sceneLighting":true,"audioPlay":false,"sceneViewState":{"m_AlwaysRefresh":false,"showFog":true,"showSkybox":true,"showFlares":true,"showImageEffects":true,"showParticleSystems":true,"showVisualEffectGraphs":true,"m_FxEnabled":true},"in2DMode":false,"pivot":{"x":3.322000503540039,"y":1.696781873703003,"z":-2.6232528686523439},"rotation":{"x":0.15813100337982179,"y":0.15513242781162263,"z":-0.025158246979117395,"w":0.9748462438583374},"size":0.27287817001342776,"orthographic":false}